owner,name,created,pr_count
flying-bus,step-walkthroughs,2020-05-12T13:29:11Z,1
hzimz,intern_repo,2020-05-12T16:49:10Z,0
arjun-garg-google,step,2020-05-12T22:19:54Z,1
honkwan,my-portfolio,2020-05-12T22:24:50Z,0
augerm,step-host-example,2020-05-13T20:25:16Z,0
xixuan1124,intern-step,2020-05-14T21:57:26Z,2
suparnabarua,step2020,2020-05-15T18:00:32Z,0
lee12jin,step,2020-05-15T23:14:26Z,0
priyankatanvani,step-my-portfolio,2020-05-17T04:42:13Z,0
triplehair,step,2020-05-18T04:23:45Z,1
taruss2011,step,2020-05-18T21:44:04Z,1
shudhatmajain,step-intern,2020-05-19T05:48:26Z,0
bavanya,step,2020-05-19T11:17:26Z,1
stringtheory1234,my-portfolio,2020-05-19T11:56:00Z,0
kathleenlund,stepp,2020-05-19T16:48:38Z,0
jonathanjlin,step-2020,2020-05-19T18:30:46Z,0
asthaaaa,step,2020-05-20T10:50:22Z,2
oliverplance,step,2020-05-20T14:59:01Z,0
smontana30,my_portfolio,2020-05-20T15:18:55Z,0
cynthia-m,step,2020-05-20T14:45:49Z,3
nanselmo,step-intern,2020-05-20T15:52:42Z,0
vrindajindal2003,step_common,2020-05-20T17:08:03Z,0
chaowangzj,test,2020-05-20T19:08:03Z,0
dhruvi618,myportfolio,2020-05-20T19:56:01Z,1
DDKoch,step,2020-05-21T02:46:05Z,0
mallika2011,STEP,2020-05-25T07:58:23Z,2
VivekShankar,my-portfolio,2020-05-25T21:29:24Z,2
jbandlow-google,step-test,2020-05-26T03:32:09Z,1
juanalonsocruz,step,2020-05-26T05:59:25Z,1
aishwary2112,STEP,2020-05-25T08:51:56Z,1
ahorjia,step-2020-test-repo,2020-05-26T16:09:40Z,0
emejia01,my-portfolio,2020-05-26T17:09:10Z,2
aokeke,step,2020-05-26T17:38:38Z,2
QuinnDACollins,step,2020-05-26T18:49:05Z,9
ayomide321,step,2020-05-26T19:15:03Z,1
brakiajackson,Portfolio,2020-05-26T21:17:07Z,3
drewhli,My-Portfolio,2020-05-26T21:46:48Z,0
RodrigoNieves,step-test,2020-05-26T22:24:28Z,1
Wseawright,My-STEP-Portfolio,2020-05-27T15:19:26Z,6
nnenna352,STEP,2020-05-27T04:17:56Z,0
aamanhey,STEP-Portfolio,2020-05-27T23:15:44Z,0
157239n,ynes,2020-05-28T12:00:50Z,0
jalenjenkins,step,2020-05-28T15:13:24Z,1
kearstenprince,STEP,2020-05-28T13:28:52Z,1
wu-haotian,step-starter-project,2020-05-28T17:53:59Z,0
QZHelen,my-portfolio,2020-05-28T19:21:20Z,0
lebesgueAA,StepTest,2020-05-28T19:54:01Z,0
owenzhang76,step-2020,2020-05-21T21:26:22Z,5
aaandrew,step-2020,2020-05-28T20:04:07Z,0
joshmcadams,step2020,2020-05-28T21:35:52Z,0
mkmg,step,2020-05-29T04:54:58Z,1
AymarMuhikira,step-projects,2020-05-27T19:56:25Z,10
4oo,step,2020-05-29T16:25:04Z,0
alpatterson-google,step,2020-05-29T17:05:59Z,1
asthaaaa,intern,2020-05-25T18:11:53Z,1
asthaaaa,stepp,2020-05-31T11:56:15Z,0
tjyoung99,step,2020-06-01T02:22:26Z,2
Rythmag,step,2020-05-20T10:48:34Z,4
jamierashley,new,2020-05-26T14:09:49Z,0
jcderry5,my-portfolio,2020-05-27T20:33:56Z,9
Josiah-Caldwell,step,2020-05-20T19:05:37Z,3
kaitlynchan,step,2020-05-26T16:47:01Z,3
emmapaczkowski,step-portfolio,2020-05-28T16:49:43Z,1
denzilbilson-google,my-portfolio,2020-05-26T22:30:36Z,4
jynCoder,my-step-portfolio,2020-05-26T21:48:38Z,4
derachimso,my-portfolio,2020-06-01T16:49:06Z,1
josephgec,step,2020-06-02T00:34:11Z,0
kirantumkur,steptest,2020-06-02T02:46:38Z,1
tsa87,step,2020-05-25T15:28:09Z,5
dangelyjeanelle,my-portfolio,2020-06-01T14:35:34Z,7
maengden,vse,2020-06-02T16:44:33Z,0
tonymai,step,2020-05-28T18:23:43Z,2
talvarez0507,my-portfolio,2020-05-28T14:03:57Z,2
kpatterson01,STEP-portfolio-1,2020-05-19T02:32:12Z,14
swetha-gangu,STEP_Internship,2020-05-27T16:44:29Z,3
Jaxobc,google-portfolio,2020-05-26T17:32:36Z,20
ade-ademiluyi,my-portfolio,2020-05-26T18:50:38Z,2
lailagamaleldin,step,2020-05-27T15:18:19Z,5
KushalD1999,step,2020-05-25T13:20:59Z,12
aliciasimon,my-portfolio,2020-05-26T18:22:10Z,2
TheGuyWhoCodes,step-portfolio,2020-05-26T04:37:07Z,10
charlottehank,portfolio-STEP-project,2020-05-28T21:09:21Z,3
gagomez,step-portfolio,2020-05-31T18:24:03Z,1
asthaaaa,prac,2020-06-04T15:05:18Z,0
RossJ24,STEP-starter,2020-05-27T14:01:47Z,5
ducre11,step,2020-05-29T20:17:35Z,3
ajw029,step-intern-project,2020-06-03T22:30:01Z,4
bosticc,step,2020-05-26T16:10:51Z,3
menynexi,STEPint,2020-05-20T16:35:05Z,17
Lev-Stambler,portfolio-for-them-funses,2020-05-26T14:57:02Z,6
honey7100,my-portfolio,2020-05-24T06:44:28Z,4
nnenna352,my-portfolio,2020-05-28T16:41:41Z,8
askewc,step-2020,2020-06-04T23:08:57Z,15
ananyeet,step,2020-05-26T14:15:38Z,16
SeanT18,step,2020-05-26T18:18:53Z,11
brettallenyo,step2020,2020-05-30T17:32:15Z,15
John42506176Linux,step-2020,2020-05-28T18:59:10Z,2
brakiajackson,myportfolio,2020-06-05T19:17:16Z,1
maricarol3355,step-intern-portfolio,2020-05-29T14:28:27Z,4
naaoli,step,2020-05-27T14:27:14Z,6
lattai,step,2020-05-21T14:57:21Z,17
srosset22,my-portfolio,2020-05-29T14:19:53Z,6
alikew24,step,2020-05-26T15:20:38Z,18
andrewseamanco,STEP_tech_trainings,2020-05-26T17:16:42Z,12
UriBombastic,STEP,2020-05-27T15:21:54Z,6
kirakira0,step-portfolio,2020-05-26T18:17:26Z,13
SusanaPerezJ,step-project,2020-06-02T06:22:42Z,3
jiaxi312,my-portfolio,2020-06-06T13:11:01Z,2
jindaln,STEP_repository,2020-05-27T16:52:58Z,11
chen-dawn,step,2020-05-14T05:47:46Z,6
mcradcliffe2490,step-portfolio,2020-05-29T21:51:18Z,3
wangyannhao,step,2020-06-03T19:13:13Z,2
irisliu77,STEP,2020-05-20T17:49:47Z,14
TadjAdams,step2020,2020-06-08T03:51:58Z,0
lxcyqx,step,2020-05-21T19:58:00Z,12
dianapvalles,step,2020-06-03T18:03:05Z,6
brandonkj23,step,2020-05-25T19:37:14Z,6
jdstriker731,step-portfolio,2020-05-21T16:59:56Z,11
bhy6,step,2020-06-08T15:32:18Z,0
Praful22,StepsummerII,2020-05-26T16:04:50Z,6
hollyyuqizheng,step-portfolio,2020-05-19T15:33:34Z,4
tgomezzzz,step,2020-05-26T16:30:31Z,13
kathleen-lund,step,2020-05-25T19:43:31Z,5
shainachen,my-portfolio,2020-05-26T17:48:48Z,5
JBobda,step,2020-05-26T20:53:21Z,14
jeremy-weiss,portfolio,2020-05-26T16:56:11Z,8
AlvieH,step,2020-05-21T17:41:38Z,5
tncarr101,my-portfolio,2020-05-27T20:14:39Z,5
oasemota99,My_Portfolio,2020-05-27T20:48:09Z,5
aamanhey,my-portfolio,2020-06-01T20:18:18Z,3
ayoadekunle,my-portfolio,2020-06-01T16:23:02Z,2
sjacks49,shawnjj-portfolio,2020-05-26T15:13:34Z,6
connorbrett,step,2020-05-26T16:39:36Z,14
codewithjess,step2020,2020-05-15T00:09:12Z,10
max-friedman,my-portfolio,2020-05-20T20:50:49Z,12
hajiler,STEP_2020,2020-05-26T21:48:21Z,32
SibingWu,step,2020-05-26T08:28:00Z,17
jiaxinz-g,step,2020-05-28T06:16:17Z,6
difanyang,step,2020-06-09T07:17:47Z,1
nmittu,STEP-2020,2020-05-26T13:32:11Z,19
cassmarcussen,google-step,2020-05-26T13:36:40Z,3
smarquez-jpg,my-portfolio,2020-05-21T16:12:12Z,3
laptou,step,2020-05-26T19:02:48Z,31
AbakirH,Abakir-sSTEP,2020-05-26T13:55:13Z,13
jamierashley,step-projects,2020-06-01T19:02:11Z,7
hannahsalameh,step,2020-05-26T13:37:46Z,17
smontana30,step,2020-05-26T15:48:31Z,5
guavafanclub,step,2020-05-26T19:36:06Z,9
iris-beckham,STEP,2020-05-27T16:40:23Z,3
aliu917,step-projects,2020-05-21T19:10:21Z,10
TcgVanguardTroll,Google-STEP,2020-05-25T16:09:43Z,10
mihirapatel,step,2020-05-26T19:51:15Z,8
eash130,step,2020-05-26T18:51:27Z,16
tonioshikanlu,step-internship,2020-05-22T19:57:53Z,12
RCAVelez,step,2020-05-27T13:37:26Z,23
danielabreo,portfolio,2020-05-27T15:38:48Z,9
gccurtis,gccurtis-step-repo,2020-05-28T17:00:50Z,6
Sherry2001,step,2020-05-26T06:25:34Z,7
RolandNaijuka,step_internship_portfolio,2020-05-26T15:08:07Z,17
ataddesse,my-portfolio,2020-05-26T06:43:35Z,14
hadleyshapland,step-portfolio,2020-05-19T22:42:35Z,19
phuongnguyen00,step,2020-05-26T22:36:58Z,4
hieudan225,step,2020-05-25T16:51:10Z,4
FluffyPenguin,step-training,2020-05-26T20:34:32Z,8
essencec,my-portfolio,2020-05-29T14:29:32Z,9
wdtseng,GoogleStep2020,2020-06-09T22:17:12Z,0
yjzhang111,step,2020-05-27T20:28:32Z,3
danyag0820,step,2020-05-26T17:14:53Z,8
HelenaSG,step,2020-05-26T17:14:02Z,14
seunomonije,google-step-2020,2020-05-21T21:15:20Z,9
ChenyuHeidiZhang,step,2020-05-20T20:17:32Z,8
steven-solar,step,2020-05-20T13:55:31Z,15
shivanighanta,my-portfolio,2020-05-26T18:00:20Z,5
ChisomOkwor,my-portfolio,2020-05-27T17:14:37Z,4
Andrewmob2703,AmgenieStep,2020-05-28T17:13:27Z,11
meltsufin,my-portfolio,2020-05-28T03:12:15Z,10
googleinterns,step,2020-05-08T23:43:17Z,30
ntarn,my-portfolio,2020-05-21T21:27:29Z,6
carmenBen,STEP,2020-05-26T22:18:50Z,6
andres-holguin,step,2020-05-26T15:44:34Z,11
jsheng112,step,2020-05-26T13:25:24Z,14
tmicomyiza,step_portfolio,2020-05-26T17:30:41Z,18
rivera-fernando,step,2020-05-19T16:58:18Z,16
mayahp,step-portfolio,2020-05-27T16:20:49Z,12
SydneyCaulfeild,step-portfolio,2020-05-29T13:32:29Z,5
nabil-dbz,my-portfolio,2020-05-25T22:16:29Z,9
Maryam676,step,2020-05-25T18:05:26Z,15
anfee1,step2,2020-05-26T14:32:52Z,6
ZoeMitchelll,step2020,2020-05-28T15:26:07Z,5
Sydney-18,portfolio-repo,2020-05-28T07:36:15Z,7
Cindyzhang977,step,2020-05-26T22:37:41Z,19
sasymer,step,2020-05-25T20:15:10Z,5
gusteran,step,2020-05-26T14:39:45Z,4
michaeleggboy,personal_repository,2020-05-26T17:31:23Z,9
clairezc27,step,2020-05-26T14:12:02Z,7
jackdavidweber,step-portfolio,2020-05-21T14:03:45Z,22
kpatterson01,STEP-portfolio-2,2020-06-03T15:11:25Z,11
haoyxc,step,2020-05-20T14:47:20Z,24
kpancha,step,2020-05-20T18:18:16Z,40
kashiish,step,2020-05-21T23:05:46Z,28
christinachance,step,2020-05-21T15:53:31Z,17
proyectoramirez,step,2020-05-26T17:35:55Z,10
Jortiz23,step-portfolio,2020-06-03T17:09:31Z,3
savsa,step,2020-05-26T23:39:29Z,5
AniMachaidze,step,2020-05-26T17:07:17Z,16
nlumiere,step_portfolio,2020-05-26T18:01:27Z,6
scarletnguyen13,Google-STEP-training,2020-05-25T22:02:44Z,15
aosmann7,my-portfolio,2020-05-26T14:09:56Z,9
tttzach,step,2020-05-26T20:01:47Z,11
jeward414,my-portfolio,2020-05-27T12:38:26Z,7
nitinramadoss,StepStarterProject,2020-05-26T21:41:44Z,9
winniewan,STEP,2020-05-21T13:37:15Z,27
SabrinaSnider,my-portfolio,2020-05-26T16:57:50Z,12
sbbenfield,STEPInternship,2020-05-28T14:35:42Z,10
Ionis-Kutrolli,portfolio,2020-05-27T15:20:49Z,10
miahsanchez,step-portfolio,2020-05-27T14:44:45Z,41
zyelcrier,step,2020-05-19T21:48:22Z,18
Taniecer,My-portfolio,2020-05-27T19:11:55Z,8
evd123,step,2020-05-26T13:01:39Z,3
kiprot,step,2020-05-26T14:22:25Z,12
mahimashanware,step,2020-05-18T20:49:15Z,9
Thunae,STEP,2020-05-18T15:29:26Z,4
mrjwashiv,my_portfolio,2020-05-29T21:16:22Z,3
r0ddy,step,2020-05-27T15:57:04Z,12
elijahhiggso,STEP,2020-05-26T14:24:20Z,7
sroblesher,step,2020-06-02T06:48:41Z,8
AnudeepYakkala,step,2020-05-19T20:35:49Z,26
eldrickb,step,2020-06-01T20:47:22Z,6
PhillipsOlagunju,step,2020-05-26T16:23:15Z,6
